score,label,subject_id,captured_at,sex,gender,age,weight,annual_cost,avoidable_cost,r_dur,r_abx,r_surg,r_lesion,r_normal,m_head,m_dur,m_photo,m_nausea,m_disable,m_aura,m_trig,m_fhx,v_vertigo,v_count,v_migfeat,v_motion,v_aural,v_head,n_burn,n_otalgia,n_auto,n_viral,n_allo,i_days,i_role,x_purulent,x_objective,x_lowfreq,x_anosmia
42,0,s-a1b2c3d4e5f60718,2026-03-02,male,man,55,0.61,1596,1973,0,0,0,0,0,1,1,0,0,1,1,1,0,1,0,1,0,0,0,0,0,1,1,0,1,0,0,0,0,0
50,1,s-a1b2c3d4e5f60718,2026-05-11,female,man,24,0.67,7429,2094,0,1,1,0,1,1,2,0,1,1,1,1,1,2,1,0,1,1,0,1,0,1,0,1,3,3,1,0,0,1
10,0,s-99887766aabbccdd,2026-03-09,male,man,47,1.35,1942,2505,0,0,0,0,1,0,1,0,0,1,0,0,0,1,0,0,0,0,1,0,0,0,0,0,2,0,1,1,0,1
87,1,s-99887766aabbccdd,2026-05-18,male,man,37,1.7,2570,3167,1,1,0,1,1,2,3,1,0,1,0,0,1,2,1,1,1,1,1,1,1,0,1,1,3,3,0,0,0,0
12,0,s-1234abcd5678ef90,2026-04-01,,woman,45,1.02,6512,2038,0,0,0,0,0,0,0,0,0,0,0,0,0,0,0,0,0,0,0,0,0,0,0,0,0,0,1,0,0,0
35,0,s-0000000000000005,2026-04-15,female,woman,45,1.39,4520,2141,0,0,0,0,1,1,2,1,0,0,0,0,1,0,0,0,1,0,1,0,0,1,0,0,0,2,0,0,1,0
81,1,s-0000000000000006,2026-04-15,male,man,60,1.03,6218,3342,1,1,1,1,1,2,4,1,1,1,1,1,1,3,1,0,1,1,1,1,1,1,1,1,3,2,0,0,0,0
37,0,s-0000000000000007,2026-04-15,male,man,32,1.14,2512,2662,1,0,1,0,0,1,1,1,0,0,1,1,1,0,1,0,0,0,1,1,0,0,0,0,1,0,0,0,0,0
90,1,s-0000000000000008,2026-04-15,female,woman,37,1.57,1424,1856,1,1,1,1,1,2,3,1,0,1,1,1,0,3,1,0,0,0,1,1,1,0,1,1,3,3,0,0,0,0
30,0,s-0000000000000009,2026-04-15,female,woman,58,1.76,5127,3857,0,1,1,0,0,0,0,0,0,0,0,0,0,1,0,0,0,1,0,0,0,1,0,0,2,0,1,0,0,0
36,0,s-000000000000000a,2026-04-15,female,woman,56,1.35,6779,909,0,0,0,0,1,0,1,0,0,0,1,0,1,0,0,1,0,1,1,0,0,1,1,1,2,2,0,0,0,0
0,0,s-000000000000000b,2026-04-15,male,man,64,1.42,1045,493,0,0,0,0,0,0,0,0,0,0,0,0,0,0,0,0,0,0,0,0,0,0,0,0,0,0,0,0,0,1
